Case,Category,Expected Behavior,Result,Requirement / Acceptance
"TC-30-01","Rendering","pagination bounds initial DOM work to 50 of 10001 records without mutating sources","PASS","R8/AC7"
"TC-30-02","Pagination","pagination exposes every record once including the incomplete final page","PASS","R8/AC10"
"TC-30-03","Validation","empty small and out-of-range pagination produces valid boundaries","PASS","R8/AC7"
"TC-30-04","Refresh","a refreshed report resets pagination even when its row count is unchanged","PASS","R8/AC10"
"TC-30-05","Accessibility","pagination controls announce range and disable boundary actions","PASS","R8/AC7"
"TC-30-06","Data/Export","each report table renders at most 50 rows while CSV retains all filtered records and exact Decimal hours","PASS","R8/AC10"
"TC-30-07","Deduplication","concurrent equivalent collections share one complete paginated request chain and skip persistent cache","PASS","R5/AC4"
"TC-30-08","Filters","different collection filters remain independent","PASS","R5/AC10"
"TC-30-09","Error/Retry","API errors release shared pending state so a retry can succeed","PASS","R5/AC8"
"TC-30-10","Failure/Validation","transport JSON malformed payload and repeated cursors fail without infinite reads","PASS","R5/AC11"
"TC-30-11","Security","collection reader rejects external origins before requesting data","PASS","R5/AC10"
"TC-30-12","Cleanup","deferred section activates only near viewport and cleans its observer on activation and unmount","PASS","R9/AC11"
"TC-30-13","Fallback","missing IntersectionObserver uses immediate accessible section rendering","PASS","R9/AC8"
"TC-30-14","Error UX","a failed heavy section shows recovery while keeping the error scoped to that section","PASS","R9/AC8"
"TC-30-15","Motion","chart animation stays premium for small sets and is bounded for large sets or reduced motion","PASS","R7-8/AC6-7"
"TC-30-16","Observability/Privacy","performance events report numeric vitals without query strings or Project identity","PASS","R2/AC2"
"TC-30-17","Budget","bundle gate fails missing or oversized routes and accepts production Docker build rows","PASS","R3/AC3-4"
"TC-30-18","Architecture","heavy route chunks and telemetry are explicitly bounded without globally importing chart code","PASS","R3-5/AC3-4"
"TC-30-19","Refresh/Error","same-filter refresh keeps usable report through failure and retries without substituting zero data","PASS","R9/AC8-10"
"TC-30-20","Race/Cleanup","superseded Analysis request aborts and cannot overwrite a newer report","PASS","R5/AC11"
"TC-30-21","Layout Stability","chart fallbacks reserve exact plot heights and render real empty-state geometry","PASS","R10/AC8"
"TC-30-22","Rendering Regression","measured Recharts wrapper is not constrained against its zero-width internal shim","PASS","R8/AC7"
"TC-30-23","Layout Stability","calendar hydration and lazy placeholders reserve the measured 336px footprint","PASS","R10/AC8"
"TC-30-24","Fresh Read/Concurrency","fresh reads supersede pending requests; old cleanup preserves new pending chain","PASS","R5/AC10-11"
"TC-30-25","Mutation/Race","Company post-mutation fresh data survives a late pre-mutation response","PASS","R5/AC10"
"TC-30-26","Mutation/Race","Projects post-mutation fresh data survives a late pre-mutation response","PASS","R5/AC10"
"TC-30-27","Error/Retry","retry creates a new lazy component and re-invokes the rejected loader","PASS","R9/AC8-11"
"TC-30-28","Motion/Lazy Lifecycle","Dialog loads only after first open and retains its controlled instance during closing","PASS","R3/7/AC6/10"
"TC-30-29","Partial Failure/Data Stability","Analysis exact-hour table stays outside failed plot boundaries with reserved error heights","PASS","R9-10/AC8/10"
